user_id,daily_mean,daily_std,daily_median
180011453250192,367.085780669145,292.20118600486245,293.74
180014262259255,137.12263940520447,304.365147538649,79.05
180017442990269,129.6677695167286,227.45529502899882,79.64500000000001
180018375329178,240.6810780669145,252.66174186707585,185.29
180031190491743,438.7326765799256,444.3818646607639,325.135
180036456789979,278.35033457249074,324.1002489377734,200.49
180038493344495,12.449163568773235,253.11866212815798,0.0
180040027502291,52.67382899628253,95.43584031872557,5.58
180040131978916,15.36399628252788,261.4781132424979,0.0
180042946491150,221.06992565055762,296.18303158750797,148.345
180046165512893,121.76408921933086,151.10963787669138,84.77000000000001
180046617132290,126.50806691449813,176.54617878280789,82.775
180046765320457,127.99940520446096,173.71867891326465,79.76500000000001
180047222886866,55.79834572490706,143.75945296699612,6.965
180048185037117,509.33063197026024,451.0983167759662,381.825
180049032966888,358.10027881040895,297.37547476096194,291.405
180056173248083,110.04618959107806,244.5285986880245,66.265
180058696935600,73.15594795539033,275.9150010769706,6.015000000000001
180064817343047,175.80708178438664,255.77333486609947,126.47
180065479077096,195.8550743494424,286.71111963221455,122.935
180067151859700,257.04687732342006,316.4051589467336,170.13
180067784565096,245.49087360594794,299.74376143896916,169.42
180068353086472,89.19427509293679,198.19428116364136,23.025
180069253480336,128.8775092936803,205.16488587843014,77.13499999999999
180072527505094,183.36918215613383,256.13756055283903,124.98
180081032825079,119.07475836431227,179.47097016579212,69.82
180084576295055,177.00529739776954,323.095470396435,110.11
180084695172649,87.21282527881041,184.08620199060297,8.195
180094419304907,507.1866542750929,432.46601452801593,406.45500000000004
180094608895855,71.74275092936803,235.2495759657089,9.02
180097223252063,5.954888475836431,102.53563360844241,0.0
213102873001603,187.19314126394053,334.60282302811237,122.185
213107169859697,90.44187732342009,175.57220621383416,17.93
213112402583773,333.39845724907065,569.6843496035997,230.22500000000002
213113028819344,129.48652416356876,294.8058868929544,81.24000000000001
213113338379864,69.36297397769516,153.18082542146087,9.035
213114122496591,118.0131970260223,161.62504352602022,70.77
213120463918358,117.12050185873606,150.4987273662266,75.83500000000001
213124978348176,170.1013940520446,228.8512145618479,116.64
213125815021702,175.30384758364312,253.01450977940283,122.30000000000001
213126662687660,182.302843866171,312.4047590909878,111.63499999999999
213136802746375,61.182397769516726,219.83321516751744,4.995
213141712584544,504.9463754646841,443.1486512113639,408.855
213148039875802,260.0688661710037,482.39811736573415,172.20999999999998
213153151785052,134.55914498141263,212.51439872351452,78.17500000000001
213154573301411,200.89691449814126,314.4310608957253,140.53500000000003
213155997615567,193.76986988847585,309.2969107956459,140.16
213156747557083,310.6918215613383,444.94875162145075,198.91500000000002
213157767990030,446.134219330855,456.21118389291996,337.22999999999996
213161231269724,186.3278066914498,260.8354842722049,128.62
213161293389774,178.551375464684,260.4122495251712,108.94999999999999
213161869125933,173.1371003717472,234.23533670919736,117.7
213163860545705,181.98295539033458,238.5307297795479,125.55000000000001
213173753804333,192.64810408921934,321.45720316693365,117.915
213174467670432,181.68866171003717,310.18013302370053,116.405
213175487106448,179.10626394052045,276.4291439223906,116.53
213178765398315,221.5196096654275,387.41995916263215,141.155
213178850083780,273.47096654275094,270.8402820834894,202.41
213180742685905,223.6568029739777,246.22231393805,165.63
213186334552049,104.66514869888475,169.46109930189658,64.06
213186551511454,58.63921933085502,145.96548436218654,6.9
213186880359195,104.982843866171,213.72533822184636,65.555
213191402330021,137.05856877323419,201.8603833386703,73.22999999999999
213193596103206,364.86988847583643,292.62390066149555,293.705
213195754007681,177.96369888475837,244.60716323532333,120.63
213198837352314,97.80879182156133,244.65525378059684,51.68
213199865312311,169.55442379182156,190.05129483063138,116.66
2222001896600109,157.2989405204461,252.6409873610744,99.11
2222157926772399,51.44453531598513,126.36201846624536,7.970000000000001
2224100459250597,62.81505576208178,140.4190929009094,6.234999999999999
2227671554547514,93.65897769516728,217.05805237840158,26.36
2229378226512508,259.3504460966543,235.59417978781596,195.265
2229824890647120,69.11366171003718,268.76213491008593,7.385
2231186809828225,66.39221189591079,175.6862560644934,7.835
2233882705243596,200.642843866171,384.86965312330017,126.675
2235335206132667,64.80849442379183,156.40921163869635,6.37
2235613922823698,222.752156133829,403.7089811616475,144.29500000000002
2242542703101233,388.5065427509293,353.2587062458486,304.49
2248348993063230,135.73408921933085,477.0768919099107,60.870000000000005
2248735346244816,215.76587360594795,211.17005238146862,168.845
2252055259910912,342.02834572490707,276.8527426777108,273.64
2254799658404120,227.0342379182156,246.86894399610767,150.27
2254917871818484,290.40340148698886,347.32983315219707,201.12
2256234701263057,129.28986988847583,221.64182164943472,73.91
2260801330657968,72.99531598513012,223.3189018461733,9.55
2264937662466770,306.48988847583644,922.1660557700621,142.21999999999997
2266735643685262,225.119312267658,372.2548040519418,150.875
2268221587779419,81.9025092936803,152.7931329215858,9.3
2269768987945882,200.65802973977696,303.3911955696529,118.98500000000001
2274911989136158,67.64451672862454,219.27663905496385,8.149999999999999
2280870154157385,70.70656133828996,224.95387796486426,11.455
2283743876903625,238.1471189591078,333.62934317034006,154.64999999999998
2284059275940012,65.45336431226765,132.62672276526175,8.605
2285066385084291,120.9125278810409,345.1607769641443,66.22
2286236465059468,200.79301115241637,492.36247382733603,123.545
2287277963630565,8.437955390334572,151.59174876912232,0.0
2288748891690227,66.89747211895912,263.397352998108,7.35
2288813824604479,243.9500371747212,270.7140128426064,178.625
2291163933867244,203.98118959107808,331.3675277228023,139.38
2295963260374698,12.653810408921933,209.1660866450384,0.0
2296006538441789,188.98198884758364,331.00570707376625,107.07499999999999
2297447006766555,230.84501858736058,281.053337244475,162.73
2305336922781618,190.21702602230482,414.36887145916495,113.9
2318062975163331,67.9835687732342,190.5930199340347,8.375
2348245054386329,203.4821747211896,289.2743192172033,131.22000000000003
2356276337669917,122.98754646840149,296.91538982638934,55.37
2358122155477959,75.42946096654276,175.77813741635688,11.33
2383461948823908,228.026468401487,343.1603267637442,160.775
2450829271795901,113.13477695167286,317.405652452204,60.815
2454076758463217,91.36423791821561,128.3563760971768,71.25999999999999
2475085306462014,275.78871747211895,244.9153038539098,209.01999999999998
2512312531485080,131.77620817843868,239.10164248386448,83.755
2576709887791552,208.6889405204461,445.5267124351679,129.465
2610529083834453,100.71776951672864,259.26295712157827,29.39
2657850734909997,126.57139405204461,189.29618290472428,77.435
2703186189652095,329.430185873606,326.8485351834213,246.89
2706977570537524,281.2250371747212,306.48259495345354,207.38
2712209726293386,515.0290892193309,525.9063890341283,387.71
2713913904780408,188.8267472118959,222.58671256488444,123.41
2714019737356678,62.01552044609665,98.30657745047672,3.0549999999999997
2716017661090253,9.878959107806692,174.06354843422602,0.0
2719496466799416,139.3325092936803,374.97966430053674,72.71000000000001
2720012583106919,360.2332156133829,325.13584559440017,279.47
2720433095629877,304.83691449814125,478.50168416461827,176.575
2720830304681674,182.33407063197026,242.3192173647309,105.685
2720894374956739,131.20955390334572,195.67060099096565,74.06
30011465039817,81.67184014869888,147.39558122789458,25.8
30026790933302,351.7249256505576,281.5191324967564,279.22499999999997
30029052116970,220.14901486988848,266.9253851746036,155.015
30030380240193,348.11544609665424,306.42404253374815,278.505
30033162392091,193.81864312267658,260.4542270143908,136.905
30042378430132,46.529349442379186,91.56811760120718,6.73
30044330818990,413.5331598513011,383.55871854045415,329.265
30074693890476,345.21596654275095,360.4361582419897,244.235
30082025922891,199.43418215613383,307.0926479551421,128.60500000000002
30092964733035,156.92334572490705,198.35495985111547,98.08500000000001
30103132002433,161.999312267658,212.38886267975872,90.09
30118423745458,230.47702602230484,303.08508810028127,146.195
30131826429364,418.47462825278814,406.1769195003305,321.83500000000004
30135235368675,255.6900743494424,289.72159481803413,170.66
30143535920989,160.13905204460966,292.56964798330256,107.425
30143713661454,132.264219330855,404.8801789925134,69.39000000000001
30150717898388,172.45446096654274,213.34246860573487,126.595
30153452207526,189.51832713754646,263.8256397158887,130.21499999999997
30175986190993,231.5366728624535,237.76149429962624,177.4
30181367542315,59.121375464684014,153.3187259877744,9.79
30197398657930,343.2575092936803,352.4617221275339,261.46500000000003
30199621383748,403.3112081784387,363.52017609757047,311.635
30230540139182,271.1710594795539,255.253488717784,201.545
30234966027947,275.4307249070632,311.7580736065671,202.82999999999998
30235268718158,202.48842007434945,660.3133963942028,105.63499999999999
30235438713303,283.8797397769516,367.4189316615591,199.62
30238755902988,314.18700743494423,362.8557968548107,229.655
30242921189660,118.07291821561338,178.37764535976436,72.595
30248898834493,120.60438661710036,240.1935686905712,62.365
30263540414123,177.68546468401487,267.3842735581983,124.85
30266994494236,152.16262081784387,172.39989308350562,110.83500000000001
30270432095985,305.5659107806691,332.1720430639867,232.435
30273037698427,398.59152416356875,386.20516001553636,310.25
30290551782700,186.0110037174721,269.3046464627735,132.185
30328384440870,187.60589219330856,264.56951275138994,128.845
30343344410970,199.1075836431227,559.2379611779371,115.17500000000001
30344654314976,117.29553903345725,176.27745010795263,66.42
30357372465631,58.56369888475837,135.3325901003747,8.19
30360260465747,70.59059479553903,165.85291426733423,7.715
30364087349027,159.22079925650556,288.8598448629031,106.815
30371006069917,113.40232342007434,165.12331670803619,68.33
30373802285317,72.00646840148698,201.6989671872747,7.17
30376238035123,124.17949814126392,258.5467215411426,61.69499999999999
30404291151692,185.75916356877326,270.58665743249594,92.38499999999999
30407675418785,250.71362453531597,571.450114696508,151.945
30408301059761,103.25420074349441,1153.842996847547,7.74
30427035050508,145.1782342007435,290.5403289096834,83.505
30428204673351,368.23052044609665,372.30444185862393,290.24
30434173205605,74.9925278810409,292.0651421755852,5.435
30442439074871,264.306970260223,335.0866788753396,172.945
30446018552504,60.38122676579926,219.5841919894886,9.935
30487648872433,108.02026022304833,139.82627286048594,66.285
30491348102802,50.1710780669145,82.36817155682164,6.11
30499715231997,13.096226765799255,242.39938958736752,0.0
30501624614310,229.0131970260223,410.97239464783047,154.44
30510856607165,55.00907063197026,87.9484460670859,7.175
30518196150127,60.57481412639405,272.6795375344517,7.4399999999999995
30518206766474,178.4035130111524,379.8476193776311,102.07000000000001
30541100351706,58.0474721189591,204.39055396931795,7.41
30546453310167,129.92381040892192,308.64443301186463,73.25
30551643947183,416.1078066914498,374.4728740917854,315.665
30560609640617,169.6354089219331,180.82469027372488,127.34
30561214688470,189.897156133829,335.9360826069415,107.435
30570197515105,64.73684014869887,168.68712749289162,8.555
30596478689301,55.92505576208178,156.00696808584433,6.24
340103199302564,129.74263940520444,197.64535772034301,86.095
340187018810220,2.7808550185873604,46.937302926046954,0.0
340214844585279,10.719349442379183,203.65183613102712,0.0
340951438290556,269.2353159851301,324.62230222183894,186.595
340953839692349,272.0344609665428,316.57243801680875,201.27999999999997
341283058448499,117.11343866171003,244.83533532427288,63.675
341542810616333,105.84559479553903,131.16943488966132,70.905
341546199006537,186.5685873605948,319.75258703867615,121.28
342035762534413,78.2092565055762,229.24412416190947,13.15
342319985983023,273.539907063197,319.57144933193035,211.74
342351256941125,253.12122676579926,266.83646087746934,185.445
342360239917375,66.50743494423791,319.4226852044223,4.93
342952484382519,342.3100371747212,583.4966072033969,241.26
343464013864032,189.3125278810409,295.91872242159917,130.46
343472729187663,127.39825278810407,534.2689052916708,66.06
343668971234893,192.16094795539033,275.7682343092374,121.905
343746486082492,176.3368215613383,319.78291000492743,113.50500000000001
343819048608995,119.99916356877324,172.1860223875055,82.88999999999999
344342339068828,180.39773234200743,223.7564779526184,126.72999999999999
344709867813900,508.77903345724906,452.7685383748309,395.32500000000005
345060451158891,119.67522304832713,194.75074667672507,76.43
345225948700767,11.430130111524162,190.0709610097336,0.0
345389171551808,217.47975836431226,275.2964274281272,159.04500000000002
345832460465610,196.64529739776953,329.07215362647986,111.25
345933964507467,337.1595353159851,392.2444040369395,247.015
346208242862904,81.11078066914497,281.2358359764598,9.545
346243940647414,59.91167286245353,234.90755818363095,6.03
346273234529002,415.3175092936803,393.8135736663232,327.07
347073228412010,183.81741635687735,216.14912507650453,137.385
347612609554823,56.76986988847583,234.48368235719383,3.63
348253506557335,56.17009293680297,102.26793336241101,8.605
348379466427142,136.8207063197026,224.7895618303486,83.39500000000001
348789608637806,241.36499999999998,334.8795601624833,167.155
349612764943496,281.0698698884758,324.0052136943175,209.275
349813394357327,12.523884758364312,222.70043319159927,0.0
3500165543009955,55.59631970260223,121.62527012425869,7.71
3500969075198072,349.1045910780669,410.4192154501615,267.46000000000004
3501285649323933,10.266635687732341,179.69243558052585,0.0
3501365119557234,63.58546468401487,177.45192271985033,7.8
3501509250702469,219.31537174721188,286.19244906141114,144.795
3501942333500073,189.5153717472119,266.4978013729943,119.84
3502088871723054,288.75239776951673,412.44784513582096,189.445
3502377050801561,193.75210037174722,307.1293849838106,119.38499999999999
3504178999463051,172.43868029739775,281.631939684068,109.1
3506040590383211,192.08171003717473,235.69264161252883,126.05000000000001
3506042666828517,185.91953531598514,369.2703757436171,127.27000000000001
3506592072985012,150.99343866171003,449.05783486071374,76.92
3508104404056005,116.66120817843867,292.5244303611713,60.894999999999996
3511058278399773,64.58169144981412,181.80525965518237,9.92
3511378610369890,292.8736059479554,437.57973824965626,199.84
3512365128314616,205.52615241635687,271.28851104535505,145.89
3513285035244624,81.25557620817844,322.76659180991356,8.149999999999999
3513506355699497,119.50044609665427,167.56608157055675,76.195
3513618443244549,215.64176579925652,195.46447800763673,176.22
3514865930894695,251.00094795539036,350.5619307273161,172.225
3514897282719543,194.28338289962826,254.7475374728821,123.94
3517527805128735,181.62758364312268,425.9277680836159,104.695
3517814635263522,121.53128252788105,234.37380640685296,62.95
3518234918950662,430.31734200743495,378.6610156685649,333.145
3518669219150142,242.34130111524163,454.8106500419707,142.905
3518758680062249,149.7563568773234,214.78757254561137,93.795
3519232971341141,140.77483271375465,363.710723362782,71.935
3519607465576254,188.23752788104088,320.99753106023064,122.88999999999999
3520550088202337,148.2968215613383,386.6574300152114,88.68
3521260686633367,17.442434944237917,291.34574515695584,0.0
3521417320836166,503.1570260223048,425.89486912872144,403.86
3521815216091574,270.9265985130112,263.5873862647938,207.375
3523843138706408,203.23641263940522,256.78616465430997,150.935
3523898249167098,242.89208178438662,339.76171302947495,160.62
3524485462198080,9.930799256505576,162.86832802043483,0.0
3524574586339330,250.15152416356875,281.1350745631499,187.19
3525590521269779,282.9251672862453,435.7650145667535,192.35500000000002
3525668150756629,195.25473977695168,282.93180591537504,131.51
3526826139003047,240.96459107806692,312.67141980945604,171.61
3527063666782582,56.834237918215614,89.73888303710805,11.399999999999999
3527536963490470,254.81550185873604,343.96891503243876,193.715
3528040995648998,9.307806691449814,156.76306853420715,0.0
3528231451607350,122.82730483271375,200.7173445456942,74.325
3528407217576457,163.29161710037175,220.53836321282188,93.795
3529597810116815,158.12204460966544,238.21640757960418,103.725
3529597930342630,104.56916356877323,208.3894477545006,65.485
3529788038921264,8.899981412639404,146.49596650182278,0.0
3530503964418806,62.0374907063197,141.6815893289308,8.325
3531129874770000,431.40975836431227,444.273007110974,328.41499999999996
3531606252458308,72.75808550185873,231.76584140935512,7.5649999999999995
3533012926413100,228.7535687732342,423.7450208729472,157.72500000000002
3533177016567295,119.40169144981412,201.39810340664303,71.59
3533742182628021,225.9184758364312,302.91428706900194,137.97500000000002
3533800906065217,189.28267657992566,329.33898438995203,118.35
3534093764340240,66.68940520446097,279.3367592284559,5.785
3534330126107879,364.4873048327138,278.15304398245877,296.055
3534718226968689,126.1425278810409,363.09215419749916,59.375
3535211949888417,12.76550185873606,228.4634212274406,0.0
3535808924394848,260.2738475836431,240.58478802168761,200.88
3536818734263520,56.21381040892193,186.7645499286059,8.530000000000001
3536918668124647,70.59908921933085,197.23618409957993,9.415
3537797820923602,68.79063197026022,224.03858913909454,8.13
3538520143479972,164.5246096654275,160.83493568677994,126.80000000000001
3540017235499519,91.10092936802974,175.04281172704492,55.2
3540075240003197,193.6953345724907,227.7023630237735,140.135
3540210836308425,273.3196468401487,252.54152677246537,216.74
3540862542587229,63.76026022304832,250.61277550607736,7.98
3541160328600277,329.67587360594797,359.14523501342455,252.065
3541554378551366,84.38652416356877,274.37199729190996,9.775
3541687240161491,58.149684014869884,180.65660396285946,6.0649999999999995
3542162746848552,65.03910780669145,156.59702608635578,9.77
3542826960473004,9.249553903345726,153.0912610633061,0.0
3543299015720986,174.4585501858736,268.10765735909024,84.4
3543591270174051,278.56234200743495,391.6547842679091,198.41
3543885983111461,15.918754646840148,264.0996370865493,0.0
3544606805704278,76.68550185873606,312.1877237165474,16.875
3545109339866548,280.5110966542751,416.37005386259915,187.45999999999998
3545578418030657,6.682620817843866,155.00223383988094,0.0
3546436741611231,9.47689591078067,170.61987992367648,0.0
3546674063249004,120.97513011152417,314.5893247973083,64.805
3546897637165774,245.4440892193309,457.29594265662564,168.065
3547336099599450,12.012267657992565,197.44948128484057,0.0
3547560454237873,182.4260408921933,268.0261238451199,124.895
3547574373318979,183.52856877323418,280.6970779317096,121.77000000000001
3548710338694745,15.521486988847583,254.35683913679543,0.0
3549202406645667,196.14302973977695,283.8810137056945,128.98000000000002
3550554389581384,93.01117100371748,148.92843894363057,59.29
3551217896304745,473.9578810408922,373.1321648576649,388.70500000000004
3551512895305309,48.82328996282528,90.68012349552374,6.355
3552581383553463,195.94488847583645,386.00517783658563,131.32
3553629419254918,312.39410780669147,328.26350888628286,227.825
3554421171166228,2.5065613382899627,45.413060938413324,0.0
3554818239968984,99.05553903345725,232.41893240405173,54.875
3554849923339851,142.3903345724907,365.60319210957016,74.41999999999999
3556613125071656,247.75169144981413,507.1433289839156,144.325
3557442674264531,72.55561338289962,167.11475638265307,16.0
3558652751678952,196.2883085501859,287.6119314422375,123.28999999999999
3558881852140592,128.05698884758365,231.61660921346245,68.78999999999999
3559160581764413,371.7238847583643,329.32364136510984,290.765
3559679414981506,240.90488847583643,300.5775596387186,168.475
3559723917628303,187.20137546468402,267.62021735687654,128.32
3560246577314524,63.60026022304833,143.07338410163302,9.24
3560318482131952,235.23117100371746,238.07470247897228,173.585
3560336828629935,51.646579925650556,95.24844453738633,8.094999999999999
3560697798177746,189.0510223048327,309.1142321642817,117.825
3560725013359375,239.34449814126393,278.49630356885666,173.98
3560797065840735,315.9868959107807,394.6518424938983,250.64
3561212938177173,80.80368029739778,363.82926863474603,9.690000000000001
3561963695236764,271.60518587360593,288.1967139344081,209.49
3562264947797243,76.28940520446096,289.9900562611964,8.545
3562679455732797,124.27395910780669,260.42633220957634,80.905
3562793934111141,16.90949814126394,283.5422460148869,0.0
3563837241599446,104.7218029739777,247.0099833632253,67.495
3564182536169293,111.51131970260222,177.7003073889114,62.575
3564839259330465,222.63944237918216,250.88319179268115,157.625
3565196229855512,150.555,449.4938837147037,77.95
3565414434959494,67.13977695167286,203.05035586269003,8.03
3565423334076143,123.70836431226766,222.42507893997384,77.505
3565943051129759,66.1860966542751,195.07335193654652,7.35
3565996340207976,66.62052044609665,248.92681996233932,8.475000000000001
3566094707272327,506.44776951672867,432.56027290577555,398.06
3566373869538620,62.16340148698885,142.39567407901046,8.355
3566875419572867,198.78869888475836,329.8277312137861,135.595
3567527758368741,140.7309665427509,321.4436059401538,65.52000000000001
3567697931646329,233.03732342007436,384.97650901065293,142.445
3567879740649740,236.75085501858737,316.8122104487103,168.475
3568255211412877,215.3164869888476,266.17030079595804,141.475
3568736585751727,273.15548327137543,257.0126654710271,211.01999999999998
3572976568630035,70.24710037174722,164.4443531429083,12.125
3573030041201292,237.24278810408921,407.36330005453135,162.695
3573386445588324,113.0346468401487,172.51384489596057,67.015
3575540972310993,170.4510966542751,516.8789176597758,71.675
3575789281659026,330.41527881040895,384.2708328784956,233.21999999999997
3576021480694169,236.25087360594796,392.59785693529335,141.92000000000002
3576144910346950,67.73581784386617,181.07961157742722,9.565000000000001
3576207763781753,9.968215613382899,164.0110838460942,0.0
3576281490078437,90.05776951672863,124.36982342444793,66.805
3576431665303017,477.26414498141264,381.5299167723081,389.21000000000004
3576511691045060,54.55100371747211,145.89859837037315,8.12
3577578023716568,349.12334572490704,526.7000321356811,259.29
3577596616955856,62.54382899628253,148.22130726705868,9.46
3577663406369449,63.49133828996282,193.97238032496264,9.99
3577794103155425,102.93866171003718,188.09616852318726,63.355
3579200383632826,85.82671003717472,121.01564661503505,55.845
3581130339108561,73.97457249070632,372.10146046322757,6.21
3582402971899057,54.58522304832714,88.85893427039753,7.545
3582754887089201,247.97838289962826,342.7926643856283,164.79500000000002
3583093681934489,80.64613382899628,257.57283431093623,9.375
3583293909206278,102.48828996282528,148.3393774193478,63.55
3583635130604947,516.808531598513,438.24425961378216,409.11
3583793405872580,209.58715613382898,272.1597063251986,142.56
3585052663373890,152.6354646840149,669.9222351320125,69.91
3585740823295298,172.59516728624536,401.2977470922234,81.34
3586008444788268,443.39234200743493,505.74984167941244,323.955
3586955669388457,188.02697026022304,196.18849303648852,133.39499999999998
3587044315915002,275.3582713754647,238.2645782514348,208.68
3587960728692500,267.4089219330855,301.1662159582143,193.44500000000002
3589255887819806,303.35057620817844,472.87499826312325,201.505
3589289942931264,293.28827137546466,405.47883980704916,203.5
3590736522064285,507.73656133829,427.89745918304345,423.435
3590946339258737,11.65682156133829,245.85632862105834,0.0
3591919803438423,164.22210037174722,310.18261745071766,95.73500000000001
3592325941359225,67.38167286245354,185.0354035442787,5.625
3592931352252641,153.49184014869888,683.9815862826297,79.83500000000001
3593118134380341,230.27912639405204,225.54615201094623,182.67000000000002
3593399694467427,64.14942379182156,211.89210741368183,7.41
3595111028444131,59.943921933085505,125.93079269000121,9.375
3595192916105588,280.9029739776951,390.7241524770915,181.985
3596217206093829,341.8489405204461,360.14896871757867,238.87
3596357274378601,214.52087360594794,283.54197753222587,142.76999999999998
3597337756918966,123.82078066914498,223.64261199500433,78.18
3597926034019603,117.87436802973977,206.3485637617715,68.205
3597980945245815,62.77618959107806,140.0673965102364,12.0
3598014571045296,194.4403531598513,313.3651897959516,99.34
3598215285024754,428.8817472118959,388.5824875848748,332.125
3598304579370089,228.0128066914498,282.10676647435815,158.465
3598634130286287,73.36360594795539,331.15556886109886,6.7
3598895972308782,68.06081784386618,247.69986275834523,8.07
3599237318576484,114.66505576208179,209.9325085286881,68.53
36078114201167,220.80124535315983,240.58913201106023,169.86
36153880429415,170.66187732342007,726.714903007289,83.81
36192615525683,86.09834572490708,224.91649557514023,10.045
36360452125889,63.23912639405205,158.16987869981193,8.125
36485887555770,265.8518401486989,269.39688517440726,197.035
36581538659449,63.54252788104089,205.74070473181058,8.625
36721445180895,186.80799256505577,295.9297643810343,126.29499999999999
36722699017270,520.4610594795539,402.4833403302327,435.38
36890292963032,69.62024163568773,210.355077898997,5.83
36913587729122,401.12405204460964,386.60336897392165,288.755
370348764075623,125.92706319702602,206.9492632238662,79.17500000000001
370612217861404,244.74185873605947,276.3924976618649,171.945
370818583810103,127.02507434944239,303.4072848927199,66.45500000000001
370877495212014,392.7559665427509,328.72084204940126,327.125
371009169330125,173.61609665427508,568.2896730428561,74.32
371034293500716,127.87221189591078,326.60592052489477,67.48500000000001
371226440126102,273.7666171003718,346.7941297742659,191.36
371284100299909,108.66046468401487,233.64095697726253,61.37
371284424780634,125.23946096654275,210.76585691087095,70.315
371683116218417,62.896319702602234,227.8592753327044,7.0649999999999995
371985236239474,121.15005576208179,177.61169452338433,69.1
372246459334925,178.45243494423792,229.7689292352612,121.38
372382441451095,187.1439033457249,365.2407979199237,126.89
372509258176510,512.806096654275,630.0010888779021,382.08500000000004
372520049757633,393.69656133828994,338.0087600352883,318.13
373043435942726,182.4974907063197,237.47482737483668,135.425
373213026644490,61.067156133828995,224.48203761509035,12.675
373905417449658,416.68092936802975,376.97309339973543,303.895
374125201044065,192.25944237918216,292.4853170728861,131.65499999999997
374238209524200,118.15946096654275,225.59574321657092,69.07499999999999
374497717543058,233.68293680297398,299.5065747821372,174.97
374656033243756,173.16855018587358,371.3276694249644,94.955
374821819075109,68.25057620817843,152.89298776062705,6.470000000000001
374930071163758,297.06247211895914,388.4783445481748,195.79500000000002
375082648741747,199.8174535315985,241.1706096015621,145.76
375237305371366,79.91256505576209,266.81406838751514,6.665
375248307838179,230.2460780669145,343.8876008027818,179.635
375534208663984,356.82938661710034,277.86742785365584,281.735
375623337201129,6.083680297397771,140.76435697778305,0.0
375767678113375,217.46737918215612,492.9125972292362,128.255
375848982312810,179.64814126394052,310.68737145383983,115.61
375904527651269,116.08113382899629,224.5467296428778,69.34
375974680629816,219.5553531598513,287.44127152538834,150.095
376012912828093,121.42628252788103,217.5621666654861,78.275
376028110684021,380.0698884758364,316.5765673518227,295.59999999999997
376262134119629,134.99652416356878,228.8565036850766,79.53999999999999
376445266762684,315.6268029739777,336.8257775107468,234.625
376656886990758,200.66340148698885,458.2501644348962,108.275
376944481517097,69.4921375464684,220.54538124000157,6.54
377026671291680,289.0759107806691,436.4614269389604,196.435
377113842678100,220.9364126394052,243.7768032052303,160.995
377234009633447,235.0432156133829,380.5333292982007,158.04500000000002
377264520876399,67.34213754646841,164.13369937597028,7.95
377550167323848,127.81260223048326,182.22993742255846,82.955
377654590313960,172.65081784386618,226.6820021328336,122.98
377834944388609,65.89559479553904,192.42935353664717,8.85
377895991033232,142.1057249070632,330.5894521394489,79.74000000000001
377993105397617,238.60189591078066,494.04478166144185,147.075
378006354724784,85.76299256505575,119.73779380828103,61.135000000000005
378262805520186,13.43845724907063,229.27998676132387,0.0
378278619832195,197.07797397769517,363.3763687540588,123.05
378858024506425,117.02942379182157,138.7885629449447,84.055
378904938837132,148.09297397769518,178.8374798631482,115.555
379141394109214,60.90576208178439,141.51504010018803,9.235
379897244598068,130.83514869888475,282.39400962608386,80.765
38014427445058,57.35485130111524,106.97509103580784,9.079999999999998
38052002992326,230.63553903345723,363.2687918375035,156.94
38057513087029,152.5579553903346,321.49688093094414,76.98
38199021865320,376.2602788104089,397.01080388288676,284.82000000000005
38295635583927,210.28163568773235,315.8901347758683,144.56
38530489946071,236.31881040892193,316.19723280626033,152.735
38534201672254,9.123736059479553,200.1203923572666,0.0
38544312728630,76.17555762081784,127.69277640989569,21.674999999999997
38580485618059,224.43157992565057,222.96949968602576,165.865
38588538868506,235.77488847583643,351.00351013976257,153.185
38797410705641,281.31490706319704,307.7096169948964,202.76999999999998
38817501916673,5.619702602230483,118.42742465074802,0.0
38859492057661,61.58481412639405,120.19353889090685,8.309999999999999
38947654498698,152.2257063197026,198.77543860101818,104.59
4003771737807706,129.37226765799255,265.3624668836991,71.625
4003989662068504,330.36721189591077,687.4043940019172,188.625
4005676619255478,264.7824721189591,293.0099969020959,181.45499999999998
4006047418382,121.84130111524162,267.4509823520192,67.235
4010002218955876,277.40968401486987,360.3157184912871,185.995
4018105808392773675,125.382843866171,382.4115061896008,64.8
4025612008285111,170.8817100371747,279.6286950360657,106.91499999999999
4026222041577,88.66685873605947,157.99981867839153,22.52
4040099974063068803,290.7357434944238,396.0421323371183,211.035
4044436772018844508,83.13592936802974,176.70156713061675,13.33
4045036286570100739,137.56328996282528,299.9285799737319,77.92999999999999
4048508450704760,167.6857620817844,287.72006787368736,107.73499999999999
4060579726528237,197.48990706319702,312.7421263290424,126.865
4063094974360571498,110.12009293680298,185.2078839712116,56.465
4066595222529,170.11901486988847,216.14231321595136,114.39
4067137330196900,176.09942379182158,352.05157804443655,102.755
4069975342931683,334.504312267658,342.6561686870442,267.04999999999995
4070511711385545,136.35795539033458,638.1160271091302,64.46000000000001
4076173495454,14.511672862453532,241.88293808932306,0.0
4079773899158,235.77516728624533,289.7330715988272,179.415
4089096483689733451,251.7345910780669,269.01622038820506,173.55
4092452671396169678,236.69128252788104,304.4776182116416,159.355
4099707841315751,325.3338661710037,661.2609897424992,205.565
4102003771126577611,183.73999999999998,449.98757992709136,108.53999999999999
4103158249977,87.15877323420074,128.12980048973301,60.665000000000006
4104312520615374,108.22109665427509,173.38250548295645,62.580000000000005
4110266553600176127,56.13563197026023,175.31962749339547,6.925
4116554952971686,74.35104089219331,208.47031983069226,8.52
4119762878330989,167.43042750929368,195.40635558492627,116.41499999999999
4124536010991657,77.71505576208178,259.7991840811899,8.405000000000001
4128027264554082,182.06509293680298,302.32467161193017,116.455
4128730454058057622,226.27812267657993,264.89077359535906,164.31
4129767952109660,105.78263940520446,162.1306295700775,68.655
4134456652433447,70.46263940520447,207.61245155862528,7.345000000000001
4147608975828480,248.59063197026023,273.3252581626751,180.815
4149238353975790,370.25901486988846,331.3391854873755,289.83500000000004
4149635823017,237.43206319702603,367.76939408610593,148.595
4155021259183870,203.95637546468402,272.5296268241201,135.6
4157213332670159,8.980687732342009,149.70496293778635,0.0
4158008602445,53.86944237918215,212.8595926670382,7.42
4158758517677931,66.57912639405204,241.2127502238585,7.07
4158945090781624,212.20226765799256,258.4340218911314,154.275
4162872756672112717,12.91868029739777,230.57349144330487,0.0
4168696938629925,19.340092936802975,336.3474220013527,0.0
4169388510116,181.4939591078067,306.933539284855,121.86000000000001
4169759661243568,221.90485130111523,324.53927216092814,148.23000000000002
4170689372027579,294.7414498141264,386.6653866226543,207.135
4171397999167005,68.87325278810408,205.92853382566875,9.684999999999999
4173950183554608,245.7064869888476,435.97654262078004,149.42
4178097073221156,252.71799256505577,274.47024302703954,174.08999999999997
4179719215697782,62.467899628252795,166.00291978948513,6.84
4180192513916047166,9.50542750929368,162.1650622381738,0.0
4181833256558613886,284.93079925650557,355.466318785068,203.35
4186530744674,198.53074349442377,260.4553654741785,136.56
4189814094741,57.971988847583646,303.1301406500595,5.37
4191109180926792,234.8213568773234,252.11695339027884,157.85500000000002
4195740185974,117.93994423791823,151.84229128082924,70.41
4195832462863385,60.53667286245353,128.58427968464662,8.955
4198470814557,219.25838289962823,341.11388975063227,135.615
4204237326785494,12.549832713754645,205.72122086032465,0.0
4208110975550360171,191.58094795539034,393.7173731057845,138.77999999999997
4209696857872688515,66.01078066914499,262.66759159770663,7.885
4210078554961359092,185.3510594795539,329.66386520086405,119.65
4220345354880,206.96239776951674,405.9014208628567,140.755
4220495028289516646,129.16563197026022,224.5654887474437,76.41999999999999
4223708906367574214,377.820687732342,346.87139280442426,290.25
4225628813173670,7.120167286245353,123.58149597289776,0.0
4225990116481262579,119.66782527881041,169.94503407789963,81.105
4226219726886852999,78.27258364312267,140.78610662438263,12.375
4228411452607671,53.353271375464686,157.26747861485563,8.745000000000001
4229733778084049,164.53750929368027,253.38106004237628,102.285
4239436242473,117.94970260223049,282.14720609888843,62.685
4239552724014407,214.42652416356879,326.2220171305242,131.75
4243521033756702612,9.189628252788104,167.79413018859185,0.0
4244953610136705533,90.34507434944238,130.2814541113823,62.905
4247921790666,204.81403345724905,265.5319929415422,140.53
4254074738931278,134.9185501858736,280.35504616534155,69.53999999999999
4255397449664185994,143.4467657992565,354.01344675818444,81.12
4257110907449569602,8.723159851301114,149.4594683073618,0.0
4259996134423,131.8121747211896,309.7850857509682,71.675
4260059589824237,71.41061338289964,315.7888077910081,7.025
4260128500325,200.86986988847582,323.6629652296494,132.14499999999998
4265776278887457,246.3246282527881,285.0050780343308,168.085
4266200684857219,136.8836988847584,377.02234169715547,65.975
4277232699798846,166.7242007434944,211.01498368831565,111.705
4279161831637,112.79453531598513,305.8646991797943,59.39
4292743669224718067,164.29044609665428,268.73064038154473,110.83500000000001
4292902571056973207,193.71921933085503,216.18968866064898,133.2
4294040533480516,165.7968401486989,278.4004920879963,98.55000000000001
4294930380592,232.471468401487,358.908794153276,162.21499999999997
4301028321766222513,379.2609665427509,343.5958721596813,287.17499999999995
4302475216404898,196.29509293680297,374.4103842242919,123.705
4302480582202074,272.7538661710037,440.3486100353577,188.06
4306586894261180,136.43144981412638,315.7297760908382,83.69
4306630852918,138.48910780669144,249.53613701037943,84.61500000000001
4308156300921054,98.61167286245353,223.0780792300098,65.59
4311368326621416041,119.87124535315986,178.89294506225184,70.185
4312133045694601139,134.3607249070632,309.2276299577203,69.72
4318414072191879,6.6700743494423795,141.814874138774,0.0
4319584480204988982,235.67351301115244,299.4295464979053,169.25
4328928491302401,250.59726765799255,273.3763655591644,175.065
4334230547694630,266.19704460966545,498.3433023850441,178.7
4335531783520911,41.64198884758364,112.25315513577588,4.63
4342532437704183,179.11579925650557,312.2437282786638,109.095
4344955088481397,267.8999628252788,269.26338060636215,211.04
4348786085525522,95.65005576208179,265.16716061587346,50.265
4355790796238264643,191.8185687732342,281.53065636642793,127.345
4358137750029944984,119.50775092936803,248.0780161099631,70.36500000000001
4364010865167176,264.0532156133829,397.75113226083994,160.25
4365382885912355,196.2242936802974,269.96562449348886,136.10000000000002
4373370572092720777,51.74039033457249,180.01687811939965,6.16
4377338765909719,225.0175278810409,287.40821505325323,150.75
4378993458389626,168.02224907063197,482.3980507281606,80.18
4379260813815979609,176.54652416356876,314.0090815877041,110.53999999999999
4383521454815,134.71786245353158,448.4972466615822,63.46
4384910379661778,214.61208178438662,619.5534069912507,125.485
4390966588600992777,135.38912639405206,246.82457863363445,82.055
4393520897625,192.5152973977695,236.46582579065702,134.16
4396682467723,71.10916356877323,238.37145575871307,9.165
4400011257587661852,229.62934944237918,354.7343720951757,146.41
4410582919485061752,117.05332713754648,178.28601363329705,76.285
4412720572684931,67.21260223048327,242.19245542640053,8.524999999999999
4423489490781412,160.59691449814127,177.85705432755447,111.93
4424338559877976,247.48693308550187,360.09543433270835,163.36
4425161475596168,67.67934944237918,153.03954332699817,6.26
4426075337087318654,58.266710037174725,207.07340825082352,5.365
4427805710168,122.7874907063197,226.13021860246835,75.205
4428154703770710,114.10371747211896,185.56174135194516,59.235
4428780983793657331,121.06505576208178,179.08486740280006,73.34
4430881574719618,246.42583643122677,368.23277060121035,158.45999999999998
4433091568498503,90.97973977695167,472.2120301430813,7.805
4440581794652,70.05020446096654,226.22516973031804,9.705
4446368897795790,366.5871375464684,340.1576853534442,282.4
4449530933957323,230.72561338289964,284.77999606297925,170.69
4450831335606294,259.52659851301115,769.6728033825847,145.98000000000002
4451438912406400,135.06390334572492,191.7435397419694,72.005
4451952084362894,366.97576208178435,331.52475505351276,291.495
4452366298769043,264.77908921933084,326.6178323278039,187.315
4457136361520330110,4.543736059479554,87.57109399735144,0.0
4457486401506,11.641654275092936,213.25443216068965,0.0
4457732997086323466,366.6918773234201,356.88783273800715,285.815
4462038234743679432,55.136189591078065,95.50942107916092,6.595000000000001
4464457352619,301.60455390334573,550.7926082731918,204.22500000000002
4467456915153312231,122.11111524163569,213.97617662052357,75.98
4469777115158234880,204.9614126394052,258.1440447886135,145.5
4471568287204,125.74624535315985,179.33464013917273,79.25
4474324669797121,182.91128252788104,255.01764238241452,125.88499999999999
4476840372112,206.8342379182156,218.68749277870302,150.75
4477156602511939689,172.07656133828996,237.63880447370502,91.035
4481131401752,102.12327137546468,170.4231962951659,59.72
4481172224716138389,8.765297397769515,166.85658770323468,0.0
4482427013979020,175.71275092936804,264.79791607381765,118.89500000000001
4488258847705225890,204.85473977695167,355.65595004112174,135.065
4488941175228467,182.19907063197027,277.4431606295969,105.75
4492491748959010,100.11533457249071,224.3138184023399,67.37
4492677353108006,10.714776951672862,181.61240093049244,0.0
4497451418073897078,165.68271375464684,226.67533953710213,101.965
4497913965512794052,130.95345724907065,230.6588967022,83.555
4500002361389,223.89477695167287,300.45631895571046,164.31
4501449508569485,103.8310223048327,268.96680253759143,61.965
4502539526809429801,216.5600371747212,676.2302350231043,123.22500000000001
4503101193493052864,267.6316914498141,528.930651402994,143.28
4505383113689,135.07115241635688,328.60777283527085,76.995
4509142395811241,232.6481970260223,320.70250045086897,166.24
4509922033272157,119.98072490706319,372.71422810271093,56.56
4512828414983801773,321.31697026022306,349.3064297335324,252.285
4514242065619750,335.99052044609664,335.0601022414749,242.615
4518350514020532,95.0853531598513,125.28548939761326,63.33
4536996888716062123,278.8399814126394,385.4361764741458,185.775
4538566639857,201.21905204460967,375.12995734095995,127.43
4550599031376731,203.14117100371746,277.7222741565498,132.58499999999998
4555104582813474,105.8739591078067,303.2355918907348,66.39
4560004149983868183,262.9595167286245,298.32273597089267,195.11
4560395181594436016,314.75996282527876,302.296159565858,236.14
4561368699336875,105.13291821561339,218.33923617584585,59.07
4561546772499,301.1045910780669,439.7988033179781,196.53
4561892980175,128.53470260223048,283.65640341925905,74.835
4562827002127,131.5360408921933,282.97102800113777,71.99000000000001
4570636521433188,167.59193308550186,206.57772783710712,89.75
4575255480814133,11.224702602230483,195.80559831399924,0.0
4584931703207308232,260.4820260223048,478.68071582835194,176.62
4585132874641,171.13762081784387,301.4476952773026,97.895
4586260469584,235.6432527881041,251.90002042801495,167.32999999999998
4586810168620942,402.19228624535316,369.68451178208716,309.38
4587577161160601,229.14596654275093,396.86630359356695,146.435
4587657402165341815,388.9524907063197,320.0141048673993,324.65
4593569795412,15.672732342007436,336.7379263827991,0.0
4598025465633,8.186171003717472,135.5212937504634,0.0
4599285557366057,123.1032527881041,147.02804564933516,71.67
4599735407877245080,124.26687732342008,215.0000306169218,78.96000000000001
4600155880464,73.87317843866171,177.92868792918898,10.47
4601636330889,129.36929368029737,341.16437055663164,63.685
4605902936394,59.73144981412639,122.98662348475506,9.53
4607072969078276,154.50328996282528,352.3473671928609,97.88499999999999
4610050989831291,264.0357434944238,268.6557417307556,198.645
4610064888664703,68.02736059479554,162.44240729331662,4.225
4613314721966,282.1141078066915,300.9101030521384,211.24
4623560839669,256.512750929368,396.8559341722925,182.95000000000002
4629125581019,15.82139405204461,262.41012640512264,0.0
4629451965224809,150.24234200743496,356.4768197306879,75.015
4633065159406313,83.76704460966542,620.6000222239438,6.645
4634955908138648,235.05420074349442,617.752838082398,155.20499999999998
4635330563105903,166.63459107806693,233.98583121788883,94.9
4640395708703,230.27148698884758,262.84197869351146,169.09500000000003
4642255475285942,343.258029739777,438.46861115880324,240.14
4642894980163,223.90821561338288,348.87634982978284,146.765
4646845581490336108,441.48052044609665,406.81641948577953,341.07
4651007077623147,120.01345724907063,210.06058283776292,70.315
4653178848915023204,107.68615241635688,246.63454530550854,59.504999999999995
4653879239169997,224.8053531598513,306.59349525237286,144.47
4657269323674365,123.32215613382901,265.90171144458617,77.85
4658117080136,135.38447955390336,377.7460574051175,60.93
4658490815480264,242.95817843866172,289.02110714521643,179.63
4659625317833446364,15.114182156133827,249.85455385281105,0.0
4661996144291811856,109.38672862453531,245.7988165845055,59.4
4666314527820883145,101.21182156133828,247.01454213939127,60.615
4669558618943766,13.612732342007435,223.07873410488688,0.0
4670613943676271,125.00763940520446,214.86490896571618,74.325
4671727014157745,219.34516728624536,191.87400225271475,177.94
4681601008538160,419.3758364312268,426.23980376119164,327.76
4681699462969,291.7912639405205,407.4645962208816,205.14499999999998
4682744518117239,62.65598513011152,139.6079744266623,9.495000000000001
4683520018489354,204.81321561338288,472.4367728071572,109.16499999999999
4683638447911,367.2622676579926,303.4433314151476,287.21500000000003
4687263141103,65.34011152416356,234.4272274228337,7.665
4689147265057948423,187.9292750929368,347.01649727503997,120.16499999999999
4698163635895795,63.05412639405205,190.56397722768375,7.675
4707867759656333,165.74449814126393,197.80282134315445,118.515
4708992452821239,211.21379182156136,204.327706124869,151.10000000000002
4710792708725663,110.04078066914498,207.62675062879202,68.495
4710826438164847414,171.9695539033457,221.21943079371323,121.98499999999999
4713464490314802,94.34247211895911,134.31747550105288,67.07499999999999
4714017207228610634,9.109014869888474,184.01688663290332,0.0
4715741951931168360,190.5968401486989,307.161150908185,123.395
4716561796955522,294.13587360594795,299.6189013899021,229.26500000000001
4725673654161314,66.4307434944238,132.78002670511538,9.315000000000001
4725837176265195730,77.08949814126395,136.9755011027693,9.17
4727244663135968,195.5731970260223,309.65521953323116,125.63
4734310647841293,4.636152416356877,95.86650928497896,0.0
4736845434667908128,244.97256505576206,418.69419730970685,160.23499999999999
4740713119940984,126.21068773234202,160.94773744808117,82.49000000000001
4742883543039288059,160.97349442379183,255.99301981082033,111.28
4745996322265,427.5868959107807,571.1888785488296,317.83500000000004
4748866581408,13.256208178438662,223.10771670179753,0.0
4755696071492,295.6077323420074,431.3549404324055,195.385
4756039869079882102,59.44814126394052,122.19992531809949,11.285
4760122961662,63.71737918215613,210.3836060526713,8.77
4761403817546679245,154.28263940520446,184.39514393144225,104.72
4764202053279782,60.52282527881041,262.84061652202615,5.67
4767265376804500,67.1035873605948,173.8804778025696,7.8999999999999995
4769426683924058915,234.88247211895913,283.90179433995326,160.81
4777065439639721,288.8092379182156,312.2473011609323,217.865
4783226709001,179.6461524163569,280.2382634714145,124.765
4788103653396,134.16405204460966,221.267204100305,73.45
4789911625179723,75.05059479553904,129.99901280394158,18.88
4792627764422477317,483.28693308550186,360.0228100120017,401.95000000000005
4797297220948468262,231.54711895910782,236.14460537425757,182.25
4798937978667559470,68.55724907063197,256.2181528948823,7.795
4800395067176717,183.14442379182157,325.94280801426237,124.50999999999999
4806443445305,63.80501858736059,316.5298378210267,3.115
4807552641361,65.12063197026022,166.61628959568003,7.205
4809701904914,317.39377323420075,302.2780468082293,237.61
4810789809665942990,165.4585130111524,285.51715081141475,97.135
4810839835482794272,255.75691449814127,549.156967302795,145.70499999999998
4822367783500458,127.366468401487,328.75996172313495,63.055
4824023901222438,56.91111524163569,133.777466691086,7.405
4826655832045236,247.3406691449814,386.4490415992726,160.98000000000002
4836998673805450,512.8822118959108,492.7714278604051,401.555
4839043708100390,134.20328996282527,230.26637840386994,78.06
4839615922685395,244.08104089219333,346.2259256381835,163.03
4841313716651064,370.6985130111524,376.5375822038716,278.20500000000004
4844243189971,10.888494423791823,214.8196667099269,0.0
4855488158131690372,368.24412639405205,424.8874460539237,279.125
4855853415727304322,71.72689591078067,302.4795881760596,6.055
4859525594182537,119.85609665427509,258.32419857725836,66.035
4861310130652566408,417.6731412639405,396.70719602733703,333.34000000000003
4862293128558,245.48734200743496,541.9383457925892,161.76
4873783502705038,360.99104089219327,380.2380641869549,281.945
4874006077381178,63.16055762081784,271.36205401335627,7.295
4874017206859125,256.03050185873605,303.35160642434687,175.52499999999998
4878364946692291,55.738271375464684,115.33551093916596,7.46
4879265611163287,100.29546468401487,251.42310170584,63.545
4890424426862856940,172.82496282527882,326.50467029791275,97.185
4893092478075970,15.501282527881038,262.0282363863009,0.0
4897067971111209737,128.86769516728626,312.5261568677434,56.945
4900628639996,284.1668401486989,328.1608125529268,200.185
4904681492230012,331.9025278810409,389.10181212672575,243.97499999999997
4906628655840914250,271.16981412639404,449.1393123044576,180.06
4908846471916297,539.922843866171,785.0930868303018,388.28
4911818930706644725,8.95442379182156,163.5120956970434,0.0
4914700582394237,60.99620817843866,137.23992420583602,7.18
4917187576956394,109.44130111524163,179.18567553237847,62.644999999999996
4917226033950,61.91557620817844,186.23720152880307,7.92
4922710831011201,128.64165427509295,314.3121856962384,70.50999999999999
4926376199189801,264.9454275092937,335.8955440850963,188.01
4933461930348832,115.90741635687733,272.9096191769515,63.075
4935858973307492,271.8640892193309,244.23325585580827,215.31
4939976756738216,480.07916356877325,416.38906809396804,375.175
4951647200979051,226.7989405204461,309.39737920034946,147.215
4952583804639909,124.51007434944238,237.26794927322615,78.535
4956828990005111019,297.06046468401485,408.97272129276377,197.08
4957924165498,128.65600371747212,255.9125610758531,71.13
4958589671582726883,182.1072304832714,283.1272072494388,121.22
4961003488432306,112.7503531598513,185.98249647739556,67.815
4969856774088583,137.9422118959108,347.5449278038914,77.64
4972228199573984,58.69230483271375,133.87476413617958,6.375
4973530368125489546,151.50226765799258,459.8327668265522,79.52
4975457191020,7.4512081784386615,124.56469762812267,0.0
4979422371139333,285.413717472119,1283.4188926973632,177.89
4980323467523543940,73.60628252788104,274.55742568914854,7.3149999999999995
4981132848794,176.7746654275093,253.89366122754353,113.28
4986925034905735,67.29200743494424,159.33478368299623,9.725
4988304376504,248.60018587360594,342.56871035882904,168.20499999999998
4989847570577635369,163.93237918215613,223.74170402711775,89.68
4990494243023,245.61310408921935,336.026183742782,170.955
4992346398065154184,259.64767657992564,381.3080545506072,171.665
4996263498048679,115.16306691449815,219.76672137074735,69.4
4997733566924489,356.16698884758364,405.72427904175447,264.8
4998109455173950,337.3174721189591,342.9531433255502,240.55
501802953619,196.51591078066915,377.9969374896969,126.5
501818133297,9.194312267657992,176.14804697963672,0.0
501828204849,68.85066914498142,183.42022674467302,8.885
501831082224,116.86797397769517,179.30167340914994,69.63999999999999
501851115094,12.021951672862453,254.29672297592748,0.0
501882822387,61.751356877323424,186.4297827452231,5.3100000000000005
501894933032,6.9549256505576205,115.26942899160355,0.0
501899453424,184.39193308550185,273.22458636239935,121.27000000000001
502012776709,237.33568773234202,363.4243606526953,159.24
502038091380,271.2550743494424,253.87281168517583,217.23
502049568400,133.61477695167287,382.5454247664278,67.745
503848303379,185.1225278810409,353.1739545113439,106.595
503874407318,291.08680297397774,378.2210339506791,187.06
503886119844,11.746524163568772,204.14993531565423,0.0
5104807169438134,169.84654275092936,225.9807805886909,91.66499999999999
5127412150261034,62.76886617100372,207.8157373836222,6.84
5130484058948421,203.15224907063197,317.8223306654306,141.075
5144043920225212,13.137695167286246,215.6883983663381,0.0
5152054598359927,169.22301115241635,302.20656894058675,99.36
5154903938030655,94.3471003717472,234.37835466868592,11.46
5289285402893489,60.02953531598513,228.0235371724274,6.984999999999999
5301645381939419,7.760539033457249,145.42723105682796,0.0
5359543825610251,231.08710037174723,392.1878231863351,148.425
5388659976630693,187.69377323420073,377.8352689836814,127.045
5410056176712193,49.45685873605948,101.94543087887122,5.03
5456712664803820,108.28985130111525,143.06038687591933,67.035
5456776410929288,234.25942379182158,266.9291966587843,166.26
5501083170975659,186.74016728624537,256.2856546614745,118.955
5540636818935089,337.7004460966543,1144.3020507358349,203.27499999999998
5559857416065248,214.02938661710036,598.7198220693292,118.32000000000001
5580563567307107,185.7635130111524,282.4961891236519,129.82
5596347693144598,198.9307620817844,424.09453981764796,130.20499999999998
560881134780,67.70191449814126,229.93247271817512,11.135
561942763351,260.05618959107807,310.7580175842653,169.41500000000002
565399283797,99.7435873605948,256.20998024082246,62.815
567868110212,395.98475836431226,336.8329267357454,313.405
568279015842,180.48667286245353,192.94017577143475,133.77499999999998
570273151375,53.90914498141264,90.29286280010263,7.65
571314334723,59.85302973977695,236.04886282246602,7.904999999999999
571365235126,356.7249628252788,403.7346571708163,261.13
571465035400,343.7650557620818,330.2526746215534,262.59000000000003
571844099986,184.62700743494423,214.37135465585644,134.985
573283817795,59.61646840148699,117.8691081213799,8.669999999999998
573860193545,230.1136059479554,362.2815902168699,150.365
577588686219,193.8918215613383,206.20188158480815,138.59500000000003
577891228931,16.337806691449813,274.76144978832104,0.0
580954173374,121.37661710037175,201.0015054069788,82.56
581293083266,289.67843866171006,347.34718911059656,214.25
581508178315,90.89059479553903,130.9096115390848,60.96
581686439828,267.68780669144985,322.5398382410087,199.095
583699482621,187.68135687732342,367.3098312412299,118.15
584673555952,233.40695167286245,283.76569868877596,158.875
6011099828110011,8.345836431226765,136.88600924950748,0.0
6011104316292105,259.36739776951674,295.25065920029124,199.34
6011109736646996,516.9874907063197,435.86277911911515,396.975
6011148190095209,260.52762081784385,336.41137124244045,177.005
6011149206456997,99.83453531598514,201.26294361389532,68.36000000000001
6011197122270059,64.64395910780668,211.1538603169601,8.01
6011231546538393,116.46802973977695,249.34216354340398,62.05
6011252220172077,133.16643122676578,165.77614921204844,81.24000000000001
6011305591981276,125.34485130111524,224.0100162259067,80.8
6011329966782895,251.9882899628253,294.86130787791785,170.735
6011348830550197,278.1082713754647,331.9166094590763,191.915
6011360759745864,133.18793680297398,201.04600727627383,83.49000000000001
6011366578560244,205.82500000000002,400.23822597400607,114.78999999999999
6011367958204270,550.9976394052044,603.8754374738014,425.73
6011381817520024,94.0496468401487,131.38318609374332,62.56
6011382886333463,134.80702602230483,364.9102261523279,73.38499999999999
6011388901471808,249.35475836431223,493.97565448347876,164.07
6011393492413821,78.95388475836431,253.99772486547172,8.129999999999999
6011399591920186,197.10308550185874,202.2054658479027,143.255
6011438889172900,527.9061338289963,488.37630344327016,423.14
6011477612335392,67.51845724907064,174.96211073106727,7.2
6011492816282597,153.06299256505577,194.53818311079283,98.98500000000001
6011504998544485,308.0691078066914,278.335735444217,239.31
6011518448009279,10.887267657992565,185.72014842065977,0.0
6011542681743618,210.92243494423792,265.8474684894586,142.005
6011552879910390,198.9869144981413,339.82310962054237,143.22000000000003
6011581063717667,76.67269516728624,278.6386840948337,17.244999999999997
6011603272871604,131.80340148698883,252.74878956060064,84.67
6011626928491360,128.47089219330854,265.3867078009274,78.42
6011652924285713,317.57684014869886,475.6100660477416,222.945
6011679934075347,185.77252788104087,663.2716360788731,100.93
6011681934117244,128.89631970260223,254.626555845492,71.33
6011693194885790,258.0107620817844,542.633793643283,140.32
6011706277606006,74.64098513011152,234.46581076372524,9.765
6011724471098086,416.08672862453534,359.95785399538835,326.76
6011732631674654,10.542657992565056,176.78220605230828,0.0
6011826317034777,8.606765799256506,143.7711630628353,0.0
6011860238257910,242.82637546468402,284.8504941344249,174.73
6011893664860915,517.3345167286246,548.119616066085,415.815
6011917798331152,123.20819702602229,230.98383987083008,69.15
6011934240159560,188.55682156133827,259.31981970912983,130.215
6011935564104173,19.399628252788105,325.92468995405864,0.0
6011948324228984,69.3181784386617,219.39426727865768,8.895
6011975266774121,59.03302973977695,90.31706446532755,8.735
6011999606625827,194.80291821561337,277.1010471729665,125.0
60416207185,158.07336431226767,240.1576680920453,110.005
60422928733,196.35724907063195,298.5247864886567,134.16000000000003
60423098130,109.05879182156134,1179.571807265799,9.335
60427851591,109.90633828996283,318.3106335220304,69.065
60487002085,46.76600371747212,82.99118853530646,7.915
60490596305,136.67553903345726,256.65807196942893,72.83000000000001
60495593109,54.87674721189591,88.72951879609741,6.325
630412733309,56.2607249070632,160.42976608307399,8.415
630423337322,303.84096654275095,342.6684292706337,222.64
630424987505,333.80009293680297,434.4413712279736,240.40999999999997
630425673344,206.93265799256505,649.0446560659614,112.14500000000001
630441765090,256.77799256505574,602.3682858845892,166.535
630451534402,354.97395910780665,720.941643433778,235.505
630469040731,231.68312267657993,230.5455930378802,169.625
630471368021,99.75526022304832,258.56202927012697,66.31
630484879808,349.55739776951674,294.45283773121355,283.625
639023984367,289.96377323420074,559.4463463164087,202.86
639030014711,176.0629182156134,232.07341411130705,128.695
639046421587,170.54704460966542,167.91603929276917,132.615
639077309909,61.04120817843866,181.88614886363524,7.48
639095706599,66.57146840148698,158.67398442356296,9.985
6500249000784905,13.369739776951674,221.97061431901568,0.0
6501313409525696,96.73375464684015,163.66859788983533,23.73
6502195877055606,101.93637546468402,203.74109707494924,70.86
6506116513503136,359.77966542750926,363.8143281933389,269.12
6506982560413523,167.33163568773233,225.9343685018233,94.07499999999999
6511349151405438,176.06775092936803,209.55241024488072,133.515
6515067575568369,59.58498141263941,183.6722745461717,9.350000000000001
6517217825320610,243.00421933085502,346.0897883915462,164.935
6517779374888867,13.135539033457249,216.20203921148885,0.0
6523180720198790,65.16065055762081,162.8586348231112,8.73
6524376634971418,135.22171003717472,322.91360168202937,77.91
6526448584969862,73.36888475836432,197.76203252834173,9.225000000000001
6526777409109795,72.89131970260223,200.49857174135224,7.56
6526955903501879,74.70897769516729,225.91955248092233,13.675
6528911529051375,125.27706319702602,314.33385630751627,62.72
6534628260579800,303.37195167286245,479.87733202587617,172.135
6535328428560433,62.62124535315986,138.58862425380252,9.65
6538441737335434,411.0531970260223,851.8856181669378,300.71000000000004
6538891242532018,500.1848884758364,448.80160183926296,392.11
6539653032686894,72.15472118959107,258.0552194267455,9.82
6540981358631302,121.65249070631971,159.16885002175684,84.79499999999999
6544734391390261,154.9414126394052,185.95953709740004,109.355
6547670341037171,192.10118959107808,356.09884758776025,126.97
6550399784335736,124.25146840148697,305.3153656621059,61.295
6554245334757802,226.37150557620816,569.749632877807,119.38499999999999
6564459919350820,57.7785873605948,182.18432517004732,8.015
6569097840281287,75.09879182156133,299.5632271276651,12.120000000000001
6573561108825071,186.82304832713754,293.8901802200892,125.505
6577777028615915,11.378327137546469,188.5722690931497,0.0
6592074504369261,85.13654275092937,139.29862202305654,14.370000000000001
6592243974328236,123.37793680297398,235.41311755183608,64.03
6592861994408652,158.77408921933088,207.8845575805327,105.215
6593250708747804,243.16031598513013,254.8136086768898,172.85500000000002
6593939509150446,80.11174721189592,130.2937478742423,9.74
6595970453799027,176.58836431226766,230.9531241843329,127.83000000000001
6596735789587928,128.00013011152416,185.2394826810172,80.64
6597248210463122,54.10204460966543,104.62739723798461,8.85
6597888193422452,250.256375464684,429.5175770438637,160.635
675909898057,182.94236059479556,1254.6042601578195,68.13
675945690716,177.78879182156132,415.3414789528746,86.07499999999999
675961917837,87.49676579925651,631.2447943927883,8.29
675990301623,209.59479553903347,304.79522000309726,153.93
676102124465,348.6732713754647,341.1327679711986,264.355
676118385837,134.61542750929368,262.9076986446267,76.105
676148621961,125.02375464684015,336.10956404772145,68.64500000000001
676173792455,198.9771189591078,292.40718835415345,126.675
676179782773,15.329981412639404,272.03366648403005,0.0
676195318214,225.23585501858736,362.8278254330632,144.57999999999998
676234256292,91.89814126394052,207.70235900042468,59.165
676245600876,140.27373605947957,276.19296948021486,81.60499999999999
676248282243,121.14076208178439,205.48657377693527,72.12
676275912597,94.11120817843866,135.18538853583306,60.46
676281772837,212.51743494423792,599.4689422925064,119.74
676292294938,68.10832713754647,249.85816067156895,6.455
676298633337,164.07869888475835,235.544900115394,108.625
676308307625,68.11029739776951,216.27310404668822,8.64
676309913934,110.76052044609666,260.49626517749397,68.47
676314217768,87.022843866171,141.34612575588704,29.755000000000003
676326610042,86.63648698884758,213.2436383539648,10.035
676327197445,11.520353159851302,193.65106016743593,0.0
676369110710,211.13184014869887,264.76347746718795,146.265
676372984911,279.19793680297397,399.7957784204941,192.27
